start,start/step,0,timestamp,1705803655.7606707
start,start/step,0,timestamp,1705806404.3205385
start,start/step,0,timestamp,1705806694.6283557
start,start/step,0,timestamp,1705806897.760448
start,start/step,0,timestamp,1705808564.9198005
start,start/step,0,timestamp,1705808716.9435189
start,start/step,0,timestamp,1705808835.0895028
start,start/step,0,timestamp,1705813322.9551773
start,start/step,0,timestamp,1705813448.3769166
start,start/step,0,timestamp,1705813575.010664
start,start/step,0,timestamp,1705813825.9889708
start,start/step,0,timestamp,1705814035.7807076
start,start/step,0,timestamp,1705814227.3988848
start,start/step,0,timestamp,1705814450.6738508
start,start/step,0,timestamp,1705814724.4568336
start,start/step,0,timestamp,1705814914.9886725
start,start/step,0,timestamp,1705815064.1033502
start,start/step,0,timestamp,1705815218.1824222
start,start/step,0,timestamp,1705815375.3070252
start,start/step,0,timestamp,1705815527.5259614
start,start/step,0,timestamp,1705815677.888267
start,start/step,0,timestamp,1705816244.2223606
start,start/step,0,timestamp,1705816476.9782252
start,start/step,0,timestamp,1705816703.698883
start,start/step,0,timestamp,1705816930.1509082
start,start/step,0,timestamp,1705817351.309339
start,start/step,0,timestamp,1705817699.8445792
start,start/step,0,timestamp,1705817896.2912412
start,start/step,0,timestamp,1705818091.4066281
start,start/step,0,timestamp,1705818288.0451903
start,start/step,0,timestamp,1705818487.2657087
start,start/step,0,timestamp,1705818678.3980796
start,start/step,0,timestamp,1705818872.1655743
start,start/step,0,timestamp,1705820008.0008342
start,start/step,0,timestamp,1705820368.4745417
start,start/step,0,timestamp,1705820676.793101
start,start/step,0,timestamp,1705820871.560692
