start,start/step,0,timestamp,1705734135.7250857
start,start/step,0,timestamp,1705734191.4031181
start,start/step,0,timestamp,1705734436.7633774
start,start/step,0,timestamp,1705734762.3484144
start,start/step,0,timestamp,1705734929.608636
start,start/step,0,timestamp,1705736530.4055674
start,start/step,0,timestamp,1705737382.6709113
start,start/step,0,timestamp,1705737508.99473
start,start/step,0,timestamp,1705737633.6319427
start,start/step,0,timestamp,1705737753.949718
start,start/step,0,timestamp,1705737872.1898184
start,start/step,0,timestamp,1705737995.659493
start,start/step,0,timestamp,1705738133.5571795
start,start/step,0,timestamp,1705738252.3537645
start,start/step,0,timestamp,1705738395.7737374
start,start/step,0,timestamp,1705738512.2967408
start,start/step,0,timestamp,1705738638.1158597
start,start/step,0,timestamp,1705738757.711415
start,start/step,0,timestamp,1705738879.0614285
start,start/step,0,timestamp,1705738999.1416798
start,start/step,0,timestamp,1705739122.8478425
start,start/step,0,timestamp,1705739248.6237996
start,start/step,0,timestamp,1705739371.3697684
start,start/step,0,timestamp,1705739486.271485
start,start/step,0,timestamp,1705739608.8009257
start,start/step,0,timestamp,1705739732.9831185
start,start/step,0,timestamp,1705739852.385045
start,start/step,0,timestamp,1705739971.8694563
start,start/step,0,timestamp,1705740089.986175
start,start/step,0,timestamp,1705740205.6725051
start,start/step,0,timestamp,1705740324.8396347
start,start/step,0,timestamp,1705740447.8115742
start,start/step,0,timestamp,1705740570.4232953
start,start/step,0,timestamp,1705740689.682002
start,start/step,0,timestamp,1705740813.6284847
start,start/step,0,timestamp,1705740931.6933806
start,start/step,0,timestamp,1705741051.6587112
start,start/step,0,timestamp,1705741170.894533
start,start/step,0,timestamp,1705741293.9029691
start,start/step,0,timestamp,1705741412.6136773
start,start/step,0,timestamp,1705741533.406565
start,start/step,0,timestamp,1705741651.3226573
start,start/step,0,timestamp,1705741771.1790278
start,start/step,0,timestamp,1705741893.8350217
start,start/step,0,timestamp,1705742019.5139968
start,start/step,0,timestamp,1705742138.4016953
start,start/step,0,timestamp,1705742258.3712256
start,start/step,0,timestamp,1705742377.429931
start,start/step,0,timestamp,1705742497.418613
start,start/step,0,timestamp,1705742619.4362535
start,start/step,0,timestamp,1705742739.1807349
start,start/step,0,timestamp,1705742858.7441125
start,start/step,0,timestamp,1705742982.7138546
start,start/step,0,timestamp,1705743107.4929411
start,start/step,0,timestamp,1705743225.9488208
start,start/step,0,timestamp,1705743345.1519353
start,start/step,0,timestamp,1705743465.3535225
start,start/step,0,timestamp,1705743590.5614412
start,start/step,0,timestamp,1705743712.981016
start,start/step,0,timestamp,1705743835.3403084
start,start/step,0,timestamp,1705743960.8829696
start,start/step,0,timestamp,1705744083.267384
start,start/step,0,timestamp,1705744202.337938
start,start/step,0,timestamp,1705744320.9233093
start,start/step,0,timestamp,1705744444.3431292
start,start/step,0,timestamp,1705744568.9740818
start,start/step,0,timestamp,1705744688.4965148
start,start/step,0,timestamp,1705744806.203708
start,start/step,0,timestamp,1705744930.1905048
start,start/step,0,timestamp,1705745052.7608628
start,start/step,0,timestamp,1705745175.4994316
start,start/step,0,timestamp,1705745294.8011749
start,start/step,0,timestamp,1705745474.6860385
start,start/step,0,timestamp,1705745594.158665
start,start/step,0,timestamp,1705745708.0664732
start,start/step,0,timestamp,1705745830.8356032
start,start/step,0,timestamp,1705745949.4420886
start,start/step,0,timestamp,1705746067.3810976
start,start/step,0,timestamp,1705746301.6660345
start,start/step,0,timestamp,1705746574.9407876
start,start/step,0,timestamp,1705746846.185633
start,start/step,0,timestamp,1705747116.2220304
start,start/step,0,timestamp,1705747392.96395
start,start/step,0,timestamp,1705747675.3780904
start,start/step,0,timestamp,1705747955.7438707
start,start/step,0,timestamp,1705748242.679637
start,start/step,0,timestamp,1705748478.353831
start,start/step,0,timestamp,1705748746.199026
start,start/step,0,timestamp,1705749050.8786716
start,start/step,0,timestamp,1705749344.8400683
start,start/step,0,timestamp,1705749467.9963677
start,start/step,0,timestamp,1705749587.421734
start,start/step,0,timestamp,1705749710.5886202
start,start/step,0,timestamp,1705749829.3271284
start,start/step,0,timestamp,1705749949.071112
start,start/step,0,timestamp,1705750069.4833498
start,start/step,0,timestamp,1705751155.7212315
start,start/step,0,timestamp,1705752614.8041263
start,start/step,0,timestamp,1705753461.7710783
start,start/step,0,timestamp,1705753994.053777
start,start/step,0,timestamp,1705754566.4649537
start,start/step,0,timestamp,1705754894.0607688
start,start/step,0,timestamp,1705755174.6605942
start,start/step,0,timestamp,1705755485.2202685
start,start/step,0,timestamp,1705755773.5463371
start,start/step,0,timestamp,1705756073.8942873
start,start/step,0,timestamp,1705756533.3374965
start,start/step,0,timestamp,1705756843.7169547
start,start/step,0,timestamp,1705757184.3237927
start,start/step,0,timestamp,1705757513.3589382
start,start/step,0,timestamp,1705757877.0132544
start,start/step,0,timestamp,1705758203.3340857
start,start/step,0,timestamp,1705758650.4146125
start,start/step,0,timestamp,1705758989.2783608
start,start/step,0,timestamp,1705759292.807249
start,start/step,0,timestamp,1705759741.1912532
start,start/step,0,timestamp,1705760079.9601567
start,start/step,0,timestamp,1705760388.040733
